Gordon Allott._. ...............................- .-Republlcan. ....... ........ ...-,......................... Lamar. .............................. ____ _____,__,.Ja n.,,"3, 1967-Ian.","3, 1973 ... - .............. -","........$ 30,000.00"
"Peter H. Domlnick.,_ _________ ........ -Rcpubllcan. ................................................ Englewood ............................................ _.Jan,",,,,,"3, 1969-Ian.","3, 1975 ................................ 30,000.00",
"",CONGRESSMEN,,,,,,
"Byron G. Rogcrs. .. _ .............. _ .. __ ___ ... Dcmocrat. .................................................. Denvcr. ......... __ , ____. ........................ Jan.",,,,,"3, 1969-Ian.","3, 1971 ................................","30,000.00"
Donald G. Brotzman.. ...................... - ....: Republican. ................................-,-.-Bouldcr. .... ________ ............................... Jan.,,,,"3, 1969-Ian.","3, 1971 ................................","30,000.00"
Frank E. Evans. ... _ .......................... - .. Dcmocrat_ ......................... ---........Pueblo. ....... _ ......... _ ................. -,......-,.. Jan.,,,"3, 1969-Ian.","3, 1971... .............................","30,000.00"
Wayne N. Aspinall.. ...................... _ ......D emocrat .................................................... Grand Iunction. ........... _ ......................... .Jan.,,,,,"3, 1969-Ian.","3, 1971 ................................","30,000.00"
"County Assessor, Charles L . Temple","County Sheriff, william L . Koch","County Clerk, Thelma H. Mlller-R","County Sheriff, Roy Enslow-R"
"Probate Judge, David Brofman","Clerk County Court, Paul W. Pomponio","County Assessor, LesliD Eggleston-R","Clerk County Court, Bernice Hardy"
"Juvenile Judge, Philip B. Gilliam","Superior Judge, CharlEs E. Bennett","County Judge, Frances Schalow","County Surveyor, Carl Babborger-R"
"Juvenile Judge, Ted Rubin","County Judge, Gilbert A. Alexander","Clerk District Court, Elizabeth Curtis","County Coroner, H . C. Grabow"
"County Clerk, Conrad Cordova-D",County Sherilf Anthonr F. Velard-O,,"County Clerk, Lena Tucker-D","County Sheriff, Waller Conrad-D"
"County Assessor, Theodore G. Pineda-D",Clerk County COUI!~ P~llla Sandoval,,"County Assessor, Wm. A. Poer-R","Clerk County Court, Esther Hyde"
"County Judge, Joseph A. Barron",County Surveyor None,,"County Judge, Lester I. Sherman","County Surveyor, Robert Ernst-R"
"Clerk District Court, Verna Mao Dtw:nack","County Coroner, R: Kyler Edmonds-D",,"Clerk District Court, Floyd Gibbi-D","County Coroner, F. M. Murray-D"
"County Clerk, James P. McNally-R","Clerk District Court, Archie M. Rankln","County Clerk, Harry Dickinson-D","County Treasurer, Gilbert Mae&-D"
"County Assessor, David R. Braden-D",County Treasurer. Frank Stanbro--D,County Assessor-Fred Fernandez-D,Countr. Sheriff.!. Filbert Garcia-D
"County Judge, A, Howard Baker",County Sheriff Harold E. Bray-R,"County Judae, Robert Dalley '","Clerk County l.;Ourt, Martin Mendlne"
"County Judge, Joseph E. Maker","Clerk County Court, Mario Thomson","Clerk District Court, Frank Zehna","County Surveyor, None"
"County Judge, Francis Jamison","County Surveyor, Ronald P. Harris-R","Supt. of Schools, Dean B. Murray-D",County Coron~ ~ur Vlalpando-D
"County Clerk, ba GrOS&-R","County Treasurer, Sam E. Travis-R","County Clerk, Donnell Lawrenc-R","County Sheriff, Vincent Blanco-D"
"County Assessor, Dale Spurlln-R",County Sheriff Jack Hcld-D,"County Assessor, Harold Chirnsld-R","Clerk County Court, Inez J. Haragan"
"County Judge, George J. Carper","Clerk County Cciurt, Irma Clamp","County Judge, Baxter W. 'Arnold","County Surveyor, Burr Leibert-D"
"Clerk District Court, Irma Clamp","County Surveyor, None","Clerk District Cour!, Tillie L Lantz","County Coroner, Dirk F. Timmermana-R"
"County Clerk, Annie M. Dunston--D","County Treasurer, Donald W. Kanaly-R","County Assessot:r, C. Wayne Brown--D","Clerk County Court, Besse S. Davenport"
"County Assessor, George Bunte, Jr.-R","County Sheriff, Raymond Reese--D","County Judge, ~..;over Mendenhall","County Surveyor, None"
"County Judge, Vance 0. Kilmer","Clerk County Court, Anita Delfelder","Clerk District Coll!l., Dee Schedlbauer","County Coroner, Gordon H. Vandlver-R"
"County Clerk, Mary G. Haugbey-D","County Treasurer, George L. Dlxon--R","County Clerk, Marjorie M. Richaidson--R",County Sheriff Elmer B. Bell-D
"County Assessor, J. I. Kitch-D",County Sheriff Dean A. Lawton-D,"County Assessor, R. Stuart Marshall-R",Clerk County Cou~t1 Corrine M. Swartz
"County Judge, Hubert J. Mathers","Clerk County Coutt., Cecile Adams","County Judge, Frank J. Poston","County Surveyor, !'lone"
"Clerk District Court, Cecile Adams","County Surveyor, !'lone","Clerk District Court, Corinne M. Swartz","County Coroner, B. B. McNamara-R"
"County Clerk, C. K. Hemdon-R",,County Sheriff Thomas Watson-R,,"County Clerk, Mary Louise Evans-R",County Sheriff.t. Fred E. Thietje-R
"County Assessor, M. W. (Matt) Wolff-",R,"Clerk County Court, Anna Patten",,"County Assessor, Pauline Watson--R","Clerk County I.,;OUrt, A. C. Adams"
"County Judge, George R. Armstrong",,"County Surveyor, Percy R. Krantz-R",,"County Judge, Andrew C. Adams","County Surveyor, None"
"Clerk District Court, Leona Cutler",,"County Coroner, Clifford E. Parmley-R",,Clerk District Cout!t Vera G. Sumpter,"County Coroner, Paul R. Gregory-R"
"County Judge, J ose1<1h R. Botleman","Clerk County Co~ Clerk County Court, Martha Carriere 1",Elsie M. Barker,"County Judge, Mary Ellen Inama Clerk District Court, Martha Carriero",,"County Surveyor, None"
"","i~ ,!lfr ~1 ~~",~~ .. I,,11· ~1 .. c-,,o . ~& t:1,,,8fi ui~,,;d,e . j1,,,Ill ~o~G i~ •,,,,jEi ~~
CoUD!y,"!","!",,,,,,,,,,,,,,,,,
"",,,,CoWlty ~,,"!",,,~,,I',,,,~,,,,"!"
~~~-----.. ===:~=~~=:::::,"3,123 316 4,716 236","6,~~",,"Adams .............. - 2,958",,"3,gu",,,"8,608",,"7,471","2,877",,,"4,420",,,,"4,661"
~E~~eoee====-·····-·-·····-··-,"5,170 2,814","3,966",,"Alamosa...--........ .. Arapahoe._. ....., _. . __ 279",,,,,396,,296,302,,,181,,,,238
"'""'----·--···-----",165 7S,130,,"2,437 Atchuleta...... .. ______  4,802 130",,"4,860 133",,,"5,039 147",,"4,S7l 122","4,687 145",,,"2,990 68",,,,100
Baca ................................ .,356 181,196,,,,,,,,,,,,,,,,,
Ben ................................ ..,160 239 351,238,,Baca ...- -................. .. 308,,303,,,294,,223,315,,,117,,,,
"",,,,"Bent..-_ ,. ................ .. 197",,199,,,468,,317,209,,,219,,,,253
BCohuafldf eer_ __________-_-_- _-_··_·-__-_-_-__-__-_- _,"4,949 3~9","2,779",,,,,,,,,,,,,,,,,
"","2,828 356 535",387,,"Boulder-...................... . Chaffee........ .. __ _ _ 4,417",,"3,898",,,"4,281",,"3,290","4,S03",,,"1,713",,,,
CheyCDlle__. ..... ______________,,,,305,,317,,,762,,618,329,,,325,,,,416
"",199 73,102,,,,,,,,,,,,,,,,,
"Clear CreeL-.............._ 1E, ConeJoB--......... - ......................... . _________",384 950 282 75 160,184 635,,CheyCDllC....--........... . Clear Cteek....--------- oneJo....__ ___ __  311 144,,143 334,,,119 276,,66 198,174 347,,,59 106,,,,
"",,,,685,,739,,,657,,422,799,,,338,,,,404
Costilla....--··-··················-----·-,102 505,468,,Costilla..... ..... _ .......... .. 85,,84,,,671,,344,96,,,420,,,,356
g~-:~ey-----=::::-..:::=::::=::::::::=:::,1JY1 139 233 53,239 53,,176,,173,,,377,,234,176,,,180,,,,191
"Delta ....................... _ ... ,,.",635 262,432,,g~E~e;.~. :::::::~~=:~~ 571 116,,d 532 118,,,99 553,,71 381,128 590,,,46 245,,,,53 326
Denver--··-- ·--······-·--- ·--···- -,"23,195 21,659","40,342",,"Denver. . _ .............. _ ... .. 17,820",,"18,352",,,"34,301",,"27,345","17,296",,,"19,781",,,,"16,459"
"Dolorea _______, . ................ _____ _",,,,,,,,,,,,,,,,,,,
"",60 66,116,,Dolores..... ... - ............. .. 4S,,44,,,114,,75,ss,,,58,,,,64
DousJas .... ~ ....................... ...,689 249,179,,Douslas----·-·-·. ..... . 560,,546,,,314,,216,608,,,132,,,,217
EasiO----······················-··-····-·,448 209,249,,352,,372,,,384,,276,395,,,190,,,,207
ElberL.---··--··············-··-········-····,232 126,91,,~~:::::~-=:::::::-.::: 179,,193,,,162,,87,208,,,68,,,,110
"El Paao ____ ,__ _ .............................. .","8,134 2,791","4,123",,"El Paao_. ..................... . 5,944",,"6,263",,,"4,794",,"2,651","7,092",,,"2,430",,,,"3,184"
Fremont-......................................... _,797 422,606,,FremonL. ................... .. 665,,667,,,837,,614,732,,,410,,,,441
"477 Gilpin..___ Garfield.... ................................................ .. ___ _____ , __ ................. .. ......... .",856 76 479 79,610 64,,Garfield.... ..................... . GUpin__. .................... . 643 64,,616 59,,,773 112,,444 87,777 68,,,407 S4,,,,61
Grand........ ........ - .................................. ..,586 144,140,,Grand........ ........ ............ .. 432,,466,,,226,,166,507,,,87,,,,155
GuDDisoD.-.----·--··- ··- - ····,249 151,189,,GllJUilson.. ......................  214,,208,,,263,,191,238,,,122,,,,157
Hinsdale.--·-······-···-···-··-····- ···,124 8,17,,HlnsdaiC-................... .. 102,,92,,,18,,11,111,,,6,,,,13
Huetfano._. .......................................... .,123 700,"1,036",,Huetfano_ ................... .. 102,,102,,,"1,360",,900,106,,,664,,,,740
Jackson.---···---·· .............................. .,154 61,28,,Jackson....... ................... . 127,,· 124,,,70,,61,149,,,33,,,,45
JeffersoD----·-·······'-··-·-·-··-···········,"4,995 4,S99","5,752",,"Jefferso11-.....................  4,429",,"4,S84",,,"8,070",,"4,815",,,,"3,657",,,,"5,020"
"Kiowa........_. .. ,_. ........................... ....... ..","4,~ 80 79",57,,Kiowa...._ ................. .. 66,,65,,,106,,73,,,,39,,,,68
Kit Carson----·-·-·····························,646 143,255,,Kit Carson..... ............... .. 487,,484,,,279,,152,572,,,127,,,,165
"Lake_ __, . ......................................... .",254 · 676,I 's46,,Lake_ . __. ................. . 22S,,226,,,934,,830,221,,,577,,,,357
La Pla!a.....---·····-····-······- ··---·· --··--,S49 3731,362,,La Plaia-............... .. 514,,506,,,564,,481,522,,,246,,,,345
Latlmer----·-·· ········-··············- ...... .,"2,608 1,207","1,339",,"Larimer------........... .. 2,333",,"2,376",,,"1,654",,". 1,401","2,352",,,939,,,,"1,006"
Las Animas---··-·-......................... _,"923 1,304","1,912",,Las Animas.... ............... . 706,,762,,,"2,S1S",,"1,642",803,,,"1,077",,,,"1,620"
"Llncotn...._. .............................. _,_ __",767 495,405,,LlncoiD...._. .............. . 525,,591,,,655,,334,649,,,261,,,,423
Logan. ... - .... - ........................................ ..,675 S9S,436,,581,,",,580",,,793,,545,634,,,321,,,,486
Mesa ________. ........................... .,"2,877 1,269","2,2M",,,,,,,,,,,,,,,,,
Mineral ..................................... .,31 23,,,"=::~=::::::::::::::~ 2,396 21",,"2,3~",,,"2,794 73",,"2,031 51","2,6ll",,,"1,354 42",,,,"1,~"
Moffat......-......................................... .,768 202,222,,MoffaL. ... - .............. . 608,,614,,,339,,272,662,,,144,,,,223
Monteznma ............................ _,553 246,543,,Montezuma...... ............ . 421,,379,,,574,,361,472,,,265,,,,373
Montrose----·-·--··. ..................... .,642 551,539,,Montrose....- ............. . 532,,531,,,80S,,580,520,,,344,,,,488
Morgan ..................................... ..,729 465,271,,Morgan __. ............ .. 653,,652,,,572,,458,691,,,233,,,,366
Otero_ _____ ........ - .................. .,171 584,514,,Otero ___. ........... . 692,,625,,,901,,483,703,,,393,,,,488
Ouray ............... - ................ ..,63 24,24,,Ouray_ __ ........... .. 57,,59,,,43,,30,62,,,17,,,,21
Park... .- ----................................... .,411 74,69,,Park. ........... .. 283,,316,,,111,,62,360,,,45,,,,83
__ ........... .. PhillipS----······--·--·-.....................,317 146,114,,Phillips_ 262,,241,,,193,,100,284,,,74,,,,125
Pitkin ---------,399 193,96,,Pitkin.. ___. ........... .. 262,,252,,,160,,115,341,,,138,,,,89
Prowers .. ------,554 484,266,,Prower&-- ............... . 454,,484,,,S6S,,355,511,,,255,,,,328
Pueblo-----------------------,"2,263 5,241","8,750",,"PueblO- -............ . 1,927",,"1,m",,,"10,505",,"6,291","1,982",,,"4,399",,,,"6,630"
Rio Blanco,580 264,280,,Rio Blanco- ........... .. 441,,,,,402,,284,467,,,201,,,,246
Rio Grande......-........ _ .. _____ _,403 198,199,,Rio Grande._._ ...... .. 340,,323,,,307,,209,369,,,139,,,,191
Routt_._ _. ....................................... ..,341 344,374,,Routt ............ . 285,,298,,,577,,432,317,,,259,,,,336
Saguache_ _. .............................. _ ........ .,170 64,85,,Saguache-.... - ............ .. 137,,148,,,112,,73,152,,,49,,,,64
San Juan....--..................................... ..,99 22,35,,San JWIIL..-.. ............ . 63,,63,,,43,,28,74,,,15,,,,28
San Miguel__. ............................ - ..,64 61,109,,San MigueL-............... . 51,,4S,,,120,,56,58,,,66,,,,68
Sedgwick..--........ ---··-.. - -··---··,129 61,69,,Sedgwick..._. ...............  115,,110,,,110,,83,119,,,so,,,,59
SummiL...---.................................... .,139 149,113,,SummiL-- ............... .. 102,,110,,,175,,107,123,,,84,,,,116
Teller_ __. ......................................... .,173 250,238,,Teller ........ - ................. .. 147,,153,,,380,,301,152,,,160,,,,232
Washington... ........................................... ..,302 137,126,,Washington_. .............. .. 236,,233,,,199,,119,273,,,90,,,,121
Weld ....................................... ...,"2,445 3,382","1,080",,"Weld......... ........._ __. . Yuma_ __. . _____  2,193",,"2,~~",,,"2,966",,"2,604","2,154",,,"1,907",,,,1.370
Yuma....--........................................ ..,__.£! ~,237,,.......lli,,,,,416,,314,429,,,202,,,,218
TotaL.-.......................................... ..,"80,206 65,347","92,250",,"TotaL- --·----.. -- 65,691",,"66,324",,,"105,487",,"77,820","68,435",,,"54,038",,,,"58,376"
Adams______,"2S,111","24,343","u 270 5,702",County,p..,,B,,
"Alamosa.,________","1,574",2;277,1 287,,,,<1.1,3,~
"Arapahoe-....... _ _ , · , 18,569","33,712",175,,,Adams-............... ..................... ..,"28,417 .","2S,381","28,434","20,639"
Archuleta___ __ ~~ i.:. 409,486,,"3,953 83",,"Alaniosa_ ___ , .......... ......... ..","2,640","1,563","2,046","1,945"
"",,,,,,,,231,,,,,
Boulder-..- ....... _,"'c P.422 27,671",,12S,,249,9,15,"2,497 ..•",Baca.. ...... - ................................. . .,"1,652",821,990,"1,183"
Chaffee-....· ---..... .,"1,667 2,121",,4,,2,",t ··",,"358; 1."" I,",Bent. .......... - Boulder. .................................. .... .. ......... -·-·-·-··· .. ·-·,"1,527 29,564","1,172 16,281","1,494 17,722","1,029 23,539"
Cheyenne. ... -...........,392 664,,,,,,,"136""· '.",Chaffee- .............. .._  ... ............. .,"2,562","1,610","2,132","1,766"
"Clear Creek..-........... 1,011 Conejos. ____. . ____ .","2 1,492 719",,,,2,1,,183 'C' I,,,,,
"928 Castilla.. . - -.............. Delta.. .......- ............ Crowley. . - Custer. .. ____, .......... ..................","1,361 868 933 565 2,327 204 ' 3,692 477 433 775",,4 14 3 2 1,,2 8 8,3 10 2,1 8 2 1 1,"117l 618 . 196 77 32 , 1, ' .. J","gr~e~~.:::-.:::~~:::::::::::::::::~ Conejos_ 1,318 Costilla._,_ __ Crowley. ....................................... . __. ....................... .. _. . ______ .. ___ ..","733 1,238 1,653 505 946","463 669 1,427 611 990","474 1,526 1,044 741",582 377 701
Denver._ _ _.. .. - .........,"106,081 92,003",,"1,221",,466,6S,73,"11,408","Custer- Delta. ......... , ___ ..... - ......... - ...... ................... . .. ............. .","517 4,316","204 2,370","272 2,753","376 3,447"
Dolores ___. . ~........,217,,,,,,,,"Denver. .... ......- .............. _ .. _ , ... ..","101,606","101,934","96,172","80,902"
County Aldaamoss·-a.- _ ·_-_-__--_--_-_-_--_-_- Ar~ahoe. __________,,,": 23,919 2,08S .. Cl j1 !.!",,,I,,,"~~ ii! 24,137 1,698",,,,"fl.i~ 28,848 2,020 ... ~",,,,,"0 Ill: 22,824 1,9S7",,,,,",","~g::rec:.=::::=:::.:::::: ::::::::::::::::::::::::::::::::::::::::::===~ BoeunlLd. e..r. _- Bllca. _______, . ................................... ................ ____",_-_-_-_-_-_·__-_·_--_-_-_-__-_-_-_-__-_-_·_-_-_-__-_-_-_-- -_---_·--_·--_-_- -_,,,"2,216 3S,117 27,213 1,328 98S 427",,,,,,"1,110 11,718 10,772 777 307 661"
"",,,,ould,,,
"10,772 Ar~ahoe. __________ 2,08S","1,698","2,020","1,9S7",BenL. e..r. _-,_-_-_-_-_-_·__-_·_--_-_-_-__-_-_-_-__-_-_·_-_-_-__-_-_-_-- -_---_·--_·--_-_- -_,"27,213",
"Ar uleta.. _ ________ 33,511","17,720","19,971","32,445",Chaffee--·--···---·---------- -- --------·------,--------,"2,322","1,231"
421,473,498,393,,,,
"",,,,"Cheyenne___ ____________,. ......!  .... .... _ ........................ ---",,,412
"BIICB-----------·--·--·- 1,226",768,S37 968,1140,,,"1,197",468
"BenL--------------- - - 1,156","1,226",".. • 1,415",1:172,J Cioenaerj Cosr_c _e_L_-_-_--_-_--_--_--_--_--_-_--_-_-_-_-_-_-_-_-_-_- -_-_-_--__-_-_-_-_-_ -_-_--_·-_-·_--_--_·-_--_-_--_-_·__- _,,"1,134",6SO
"CBhouafldfeeer_. .._ -__-__-__-__·-__-__·__- · 27,617","16,131","17,831","25,135",,,,
"1,943","1,768","2,087","1,812",Costilla Crowley_,- __________________ __________________ ___________ _ --------------··-------------- ------------ -·--,S32,243
Cheyenne·- ·- - --------··------· 602,3S4,465,577,,,544,567
Clear Creek.._. ........... __ __ 983,706,8S9,957,Custer------·---------··----·--·- ··---- -----------·--,,292,247
"Conejos.---.. ._._._._.. .... _._.._._._.. ____  1,429","1,182","1,369","1,313",Denltvae. r_ ______·_-·-__-_-_-_-_-_-_-_-_-_-_-_-_-_--_--_--_-_-__-__-__-_-__-__-__-__-_-__-_ _- -,,"3,SSO","1,898"
Costilla 374,878,927,369,,,"112,215","52,346"
"Crowley. . _.______ ,. ........ _, ____",,,,,,,
737,5S9,717,708,Dolores ____,__ ............................... - --- -·--------------,3S3,209
Custer. ....... _ .................... ____ 379,215,271,370,Dougllls,--·--·-··-·-·---·-·- ·-----··-----·---------,"1,870",847
"DeltL.. . ------------------------·-·- 3,881","2,114","2,637","3,311",,,,
"Denver. ................................ ___ 88,160","89,571","98,772","86,3S5",Bagle Elbert,---------····--··--··----·-·--------------------------------------·-·----------·--·-·---------,"1,160 899",596 504
"Dolores ........- EDaogulgel_ a_s._-___-_-__-__-___-__-_·_-__·_-__·_-___- ............ --- ------· 1,821 27S",292 877,"3S4 1,081","237 1,788","EFIr Pcmaosnot-._-_-.--. -.-.-.-.-. -,- .-..-.- _·.-_ -_--_-_-_-_-_-------- ----·------ -----",____________________,"30,813 4,239","19,682 2,961"
Elbert__ ________ ______________ 922,912,"1,0S7",912,GarfieiL-----------·--- ·--··-------------·-·-·------,,"3,397",
944,435,622,995,,,,"1,~~"
EI Paso_ ______ _________________,,,,GU,,374,
"29,823","18,104","21,007","28,215",rapn!dn . ____-__-_-__-__·__-_-__-_-__-_-__-_-__-_-__-_-__·_-_-__-_-__-_-_-__-_- _-,,,
"FrcmonL. . - ....................... ___ 4,502","3,589","4,112","4,500",Gunnison.___ ____________________________ _,,"1,023",452
"",,,,,,,693
"Gllrfiei<L .. --- ------·---··------------ 3,009","2,145","2,690","2,867",,,"1,~g~",46
Gilpin.---- ---- ···- ··- ···-·----- - 316,239,309,303,Hinsdale---------------------·-----,----------------,,
"",,,,Huerfano--------------------------------------------------·-,,"1,290",801
GurnmniscoLn.-..-. _--_-__·_-__-__--··-_-_---___----__-_ 960,471,636,965,,,,
"Hinsdale _________ __ __ _______________ 1,307",815,"1,101","1,156",Jackso,...,402,192
113,36,S8,106,JKeifofwear.s.o __D._.._.--_--_·__·_-__-_·_-__·_-__-_-__-__-_-__-_-_ !- _-_-__-_-__-_-__-_-__-_-__-,,"S3,117","18,512"
"Hucrfano. .... - .................... .....- 1,061","1,995","2,137",983,,,498,458
"",,,,,,"1,491",945
JacksoD----·---··-----··----------·-- 415,189,262,397,Kit Carson....-·------------------------------LIIke. ___________________________________________________ _,,,
"Jefferson....... ........... ........ .......... ... 49,623","29,730","34,317","48,374",,,"1,141",791
Kiot wCa.r .s..o- n-. __-__-_·-_--__-_··__··_·_·_-_-_-_--_--__-_·_-___ 6S3,418,S04,626,LlIlI rPlmllelrt_ B_-_--_--_-_--_-_-__-__-_-_-_-__-_-_-__-_·_-_-__·_-_·_-·_--___-_-_-_-_-__-_-_-_-_-__-_·_-_-_·_-_·_-_·_-_-_-_- _,,"4,244","1,872"
"1,867",816,"1,144","1,703",,,"17,392","5,709"
Llll Plklllet-a-._-_-.--_ --_--_-_-_-_-_--_--_-_-_--_--_ 898,"1,586","1,719",8S3,Llls AnfmiiS-.--------··-----···--··----------------------·--------------,,"2,685","1,795"
"3,795","2,726","3,121","3,602",Lincoln. ______. .......................................................... -·---····,,"1,321",678
"Lruimer- - ---------- ---- --- ------· 16,902","8,072","9,933","16,584",Logan.._______ _______ ____ __ _________________ ______________________,,"4,028","2,339"
"Llls Animas...... .. .. ........................ 2,208","4,390","4,881","2,169",Mesa.. .......................................... ............................- ..................,,"12,506","6,462"
"Lincotn..__. ...... ....................... 1,221",7SO,"1,046","1,264","MineraL. .. ___________ ___ __________ ___ ,...................................................",,114,76
"LogBD-.----------------------·····- 4,173","2,296","3,123","4,054",,,,
"Mesa.------ ·--······---··--··------- 10,S05","7,893","8,836","9,516",MoffaL-------- ------------- - ··---------··-------·--···-------··--··· Montezumll----··-----·--·-·-------·----·-----------------------------------,,"1,639 2,485","884 1,065"
MlnemL.-----···------·--------·--- 99,120,151,92,ontrose. __________ __ ____________ ________ _________________________ ..................... .,,"3,304","2,156"
"MoffiiL-------···------· ·----·--·----· 1,646",893,"1,108","1,591",Morgan....------·-··----·-------····------ -----········- ·-·-··········--··---- --,,"4,64S","1,892"
"Montezuma.. .. - ........................... 2,106","1,670","1,982","1,935",,,,
"Montrose. ............ _ ....... ............... 3,224","2,184","2,S86","3,005",Otero- ----- --·--·--------------·------------ ----------------------·--·--···--·--···,,"3,0S5","2,701"
"Morgan__ ___. ......................... 4,331","2,24S","2,928","4,376",OPaurrkii.Y_ ----_-_-__-__-_--_-_--_··_·_··_·_-_-_·_·_·_·.·. ·.·.·-..--------- -----·,"289 ...............-.-.·.·.·.·.· _--··,·-_ _·_-_-_·_--_-_--_-_-_--_-_·_··_-_-_",344,
"",,,,,,S88,300
"Ot Ouraeyr. _O__-_-_-_-. .-..-...·..-..-..-.-.......-.....-.·.  4,258 409","3,667 229","4,369 315","3,976 392",PhilliPS----- ----------- -------------·--·---------------- ------------·--·--------·--,,"1,010",659
Park--------- ---------- ------- -------- S49,316,414,S67,,,,
"Phillips _____________ ,. .................... 1,187",623,829,"1,121",Pitkin... .....- Prowers·------------- -------·-------------- -----------·--·--·-- -------- -----··----,-- ---- --------- --·---- ·--·----·----·-----·--·----- ------ ---------·--·,"1,166 2,729","660 1,766"
"Pitltin....- - ---· .. ......... ............. 1,061",6IS,7SO,963,PRuioe bBlol .a..n.... --,"co_. .. ,..  -.-.-.-.-.-..-.-..·.-.-.·.-.-.-..·.·.-.-.·.·.·.·.·.·.-.-.-.-..-.-.-..-.-.-.-.-.-.-.-.-.-..-.-.-.- _-_--_-_-_--_-_-_--_-_--_-_-_--_- -_-","18,723","12,426"
"Prowers.....-...... ........................... 2,S11","2,14S","2,6S9","2,498",,,922,692
"PueblO- -------·· ·· ---·---- ------·-- 16,036","24,005","27,048","16,098",Rio Grande.. .... ...... .................... ----------·--·-----,·--------·-----·,"2,075","1,238"
"Rio Blanco.- ................ .. ... ... .. ..... 1,087",600,697,"1,018",Roult.------------------------ - ~----------- ----·- -- ·------- -- ·---------------,,"1,6SO",788
"Rio Grande_ ____ __ ...................... 2,160","1,563","1,783","1,977",Saguache_,________ ___ ...............L :. . ......................................... ..,667,439
"RoutL- -- --------· ··---·-- ··----····--·- · 1,363","1,166","1,416","1,376",San Juan... .-,---- -------- ----·--·------------- --------------- ·--·-------- -- ·--··,204,92
Sllgu11che ......... _. ..... ........ ·-------- 7S9,669,748,686,"San Miguel-......................................... ,, ______ __________ ___ ___________",,,
San Juan. ........................ _ _______ 171,170,183,144,Sedgw!ck. ..... -,.. ................................... ............. --·---·-------·-,402 749,236 511
San MigueL_ ...... .. ..................... 337,301,381,330,Summit.------- ------ --- ------------------- --- --·--------·---··--··------------ --,,SIS,319
SSeudmgmwiitc.k __.. _.._._.._.._.._.._._._._.._._._.._._._._.._._.._._.._.._. -_ 98S,537,6SO,914,Teller. ....... -------- ------ -- -------------- -- --·--·· --·----·-·---·- ------ ---------- ---,,7S7,407
"Teller_ __________________________ 1,313 647 460",327 498,400 601,469 671,Washington..... ...................................._,"_______ __ ,_ __ _______ .......... .",,846
"",,,,Weld.- -------····- --·----·-·······--··---------·---- ------------·-,,"14,312","5,889"
"Washington. ...... - ................. _ __ 1,729",638,890,"1,574",,,"2,061",
"1,505 1,651","1,524","1,580",,,,,,,
"21,542 21,999","25,713","17,~~",,,,,,,
277 438,458,,,,,,,,
635 853,712,840,,,,,,,
"855 1,134","1,126",884,t ..,,,,,,
"18,836 16,438","21,190","13,809",,,"CONGRESSMAN, SECOND",,CONGRESSIONAL DISTRICT,,
"1,551 1,802","1,985","1,399",,,"+ll,l",,,,
"",,,,,•<.Donald G .,,R()yH.,,Henry H.
376 507,407,S60,(•,,", , :Brotzman",,McVIcker,,"Howe, Jr."
8S3 -Dem.  786 697 924,"1,241 823",389 978,. ~.:,,"'"" -Rep. _JQt[ .r_;",,-Dem.,,
"1,200","1,335","11196 1,647 981",Clear Creek.................................. 386,289,700,,44
"812 542 .',",832 708,990 681 673 742,"Gilpin_ 1 efferson....................................... ........................................ 5,067 76","434 55,718 8,614 112 30,498",228,,"24' 1,414"
"22,082 25,566",,"21 ,668 26,225",,,,,
"",,,"o}, 18,923",,,,
"3,104","3,747","3,879 3,450",,"152,153 27,025 89,917",,,"5,416"
"2,650","2,410","2,327 2,607",,,,,
277,276,391 173,,,,,
"",,,"'.1:,",,,,
( 825,559,919 486,..,,,,
910,"l,OS6","1,147 841","' ro, i",,,,
80,57,101 46,·r,,,,
945,. 9S3,"995 1,047",..J ••,,,,
235,336,347 258,,,,,
"34,904 31,925",,"38,500 28,ill",CONGRESSMAN;- 'THIRD,CONGRESSIONAL I DISTRICT,,,
I 406,486,494,,,,,
948,"1,346","1,302 1,177",Paul,FrankE.,,,Henry John
"Olshaw 932 -Dem. 2,262","903 3,4S2","1,211 , 3,356 2,537 820",Bradley -Rep.,Evans,,,-Dem.
".9,660 11,704",,"12,690 8,871",Primary,General I Primary General,,,Primary
"1,673","2,496","2,319 2,545",County Election ~ Election,Election Election,,,Election
922,948,"1,091 871",Baca ................ - .................... 337,"1,372 344 1,112",,,34
"3,063 1,S42 9,689","3,015 41 8,517","3,171 8,768 9,547 3,153",Bent ............ - ........................ 229,"1,143 SS3",,,
68,110,128 sa,Cheyenne. ................. ............. 183,687 148,S06,,19
831,"1,553","1,363 Costilla .... _ ........................... 1,077",96,"327 873 1,171",,,91
"1,825 2,409","1,553 2,777","1,711 2,335 2,812 1,642",Crowley. ................................ 201,822 427,740,,",, 43"
"3,293","2,898","3,323 2,808",Custer:. ........................ ~. ......... 13S,4Sl 100,267,,"'""i:l"
"1,933","~ouglas .................................. 3,740","2,092 1,789 3,S60",622,"3S7 1,260",,,52
258,354,341 301,Elbert. ................................... 22S,"1,100 192",618,,23
385 El Paso. .................................. 714,421 821,"473 32,050 758 867 383","7,991","6,147 25,6S9",,,664
"4,192 968",753,"1,285 465",Fremont. ............................... 770,"S,023 936",,,78
"2,032","2,241","2,280 2002",Huerfano. .............................. 110,"1,121 1,S80 2,242",,,183
"14,062 126 813 16,229",770,"13,340 838 16:918 S78 7Sl",Kiowa.. ................................... 82,638,,,9
"25 1,351","1,730","1,569 1,594",Kit Carson.. ........... :. .............. 599,"1,862 366 1,32i",,,
"1,233","1,049","1,492 896",Las Animas. ..- ..................... 887,"2,019 .~: 3,019 S,623",,,246
"456 ,94 131",601 141,516 182 527 104,Lincoln .................................. 727,"1,360 1 803 1,106",,,
"",,,Otero. ..... _ ............... .. ..... ...... 761,"4,356 1,015 4,802",,,71
257,349,357 264,,,,,
590,628,620 Prowen. ......... ..... ............... .... 661,S14,"2,445 693 3,157",,,45
338,440,576 219,"Pueblo ........... ................ .. ...... 2,149","17,649 11,997 29,380",,,"1,613"
598,498,647 484,,,,,
"",,,Teller. . _ ............... .................. 172,796 406,S76,,76
"822 Washington. .................... ..... 9,200","1,149 9,624","914 1,686 9,643 222 9,216 1;227",288,,9S8,,29
"1,572","1,556","1,509 1,728",Yuma. ........................ ............ 447,"2,477 455 l,SSS",,,so
"",Ancleraon -Rep.,,,~ Twelfth District,Primary Election,,General Election
"",Primary General,,,"Primary General Ohlson, Norman W.-Rcp. .................... -.................................. ...... ..................",,"2,319","9,524"
County,Election Election,,,Election Election,,,
"",,,,"Onufrock, Frank-Dem.-.......... ......... -","........... , ... _, ,. . .. ... .... .- .........................","1,664","6,154"
AlamOSII------·-----··---,"300 1,904",,,"436 2,251",,,
Archuleta....--------···-,152,375,,168 613 Thirteenth District,•,,
ChaffCC----·---···-----·-··,"338 1,378",,,"838 2,752 Donlon, John J.-Dcm.--................ ---·:-",........ -....... .......... ....................,"2,213","8,772"
ConeJo•--········-···-·-·-----··----,"850 1,350",,,"703 1,645 Enfield, Norman W.-Rep._",...... --............... .... .................... ... .. ...... ...........,"1,194",
Delta,"····-··-··-------·----- 60S 2,416",,,"648 4,274 Minllter, Kinsaton",0.-Rep._ ___. ._ __ ...................... .. .... ......... .....................,"1,812","12,191"
Dolorca.__. ...... ______,54,224,,166 SOl,,,
Eagle----····-·------·-·-,403,663,,"433 1,501",,,
"GarfieJd....__,_,. .............-","·-----· 793 2,134",,,"1,015 3,929","STATE SENATOR, JEFFERSON COUNTY",,
"Grand..___,,",526,690,,"259 1,045",(Elect One),,
"GIIDJII.aon_,,_",____________,,,,,,
"","241 1,043",,,"304 1,399",Primary,,General
Hinsdale---.. _ _ _,123,86,,24 112 Fourteenth District,Election,,Election
Jackaon..:___._ ________,____,,,,,,
"",144,351,,"86 354 Stockton, Ruth S.-Rep. ............ -",........................ ..............................................,"1,415","12,870"
l.ake,232,654 ..,,"1,012 2,046 Weimer, Ed 0.-Dcm. .. -",.............................................. .. ....................................,"2,763","11,475"
La Pia,"513 3,329",,,"658 4,094",,,
Larimer,"-------· 2,502 17,138",,,"1,587 10,760",,,
Logan,"635 3,866",,,"884 3,730 STATE","SENATOR, COUNTIES OF JEFFERSON AND ADAMS",,
Mcaa,"2,725 6,949",,,"3,203 14,380",(EleCt One),,
MineraL_._,_._ _______,,,,,,
"",24,47,,85 22S,ThomaaF.,Anthony F.,
Moffat.___,"689 1,395",,,"393 1,479",Kelly,Vollack,
"",,,,Sl~enth District,-ReP.,-Dcm.,
Montezuma__,"473 1,502",,,"729 2,870",,,
"",,,,,Primary General Primary,,General
Montro10--,"577· 2,243",,,"1,010 4,294 County",Election Election Election,,Election
Morgan---··------·-_-_·_-_- ·_·.·,"704 .. .. 3,814",,,"619 3,670 Adama-.............................. .................. .. .. .....","358 2,987","1,145","4,486"
Ouray,63,299,,"43 478 Jefferson._.,................ ....... ........ ..... ............... ..","985 9,470","2,088","10,501"
Phillips...._....- _-_--_-_·-_-_--_-_- Par,370,436,,129 S9S,"1,343 12,457","3,233","14,987"
"","304 1,112",,,"231 1,048",,,
Pitldn,"358 1,039",,,173 957,,,
Rio Blanco--------------·,468,780,,"509 1,155",STATE SENATORS. ADAMS COUNTY,,
Rio Grande----·-·------,"374 1,911",,,"346 2,261",(Elect Two),,
Routt----·-,"320 1,030",,,"644 1,934",Primary,,General
"Saguacho..__,_",,,,,,,
San JlliiJL.-__,·------ 158 95,700 139,,"120 Sl 889 235 Lucas, ·Andy D.-Dem. ..................... _ .. ...................... .. .. .................................... Seventeeth District",Election,"3,338","Election 11,348"
San MigueL.----------,·- 60,187,,"152 625 Strickland, Ted L-Rep. .. -",.......... _ .... .................................... ...... ............ ........ ..,"1,715","14,332"
"Sedgwick., ______. .",,,,,,,
"",124,928,,124 753,,,
"",,,,Eighteenth District,,,
WSuemldm _i_Ll_-..._...._..-. . _-_-_---·,"___, _- ·-·--130",399,,224 530,,,
"","2,219 14,265",,,"2,978 13,296 Cimeros, Moses",(Bud)-;-Rep................................................... ...... ......................,946,"5,712"
"",,,,"MacManus, DoDald H.-","Dem._. ........ --........... .... _ . .,, ... _ .......... ...................","2,200","11,698"
"","18,646 76,776",,,"20,984 92,680",,,
"",,,,"Shepard, James M.-Dem. .... _ ............ ..................... ....................... _","._ ,.........","2,128",
"","STATE SENATORS, DENVER",COUNTY,,,,,
"",(Elect Six),,,,"STATE SENATORS, PUEBLO COUNTY",,
"",,,Primary,General,,,
Fourth District,,,Election,Election,(Elect Two),,
"Cisneros, Roger-Dem. ___, _,_ _______. .-:---..................... __",,,,"3,123 9,053 Nineteenth District",Primary Election,,General Election
"Pickard, Joe-Rep. . ________ _ ___. ............................................... _",,,,"900 5,662 Massari, Vinccnt-",Dem. .........................- .... ...................... _ ............................ .,"5,064","13,760"
Fifth District,,,,,,,
"",,,,Fourth District (Senate Bill 180 -,1965),,
"Decker, Clarence A.-Dem·-·-----·--·-·--··--------·········-·----------",,,,"3,518 10,656 Two Year Term (to fill vacancy)",,,
"Wilson, George F.-Rep._",__. ..........................................................................,,,"1,663 8,956 King, Seth-Rep._","___,  ___. ... _____ ,.................. ... .......................................","1,938","13,376"
Sixth District,,,,"MacFarlane, John D.-","Dem.. ................. ... ................... ...... ..................._ . ............ 10,601",,"30,247"
"Brown, George L.-Dem.--·-·----·----·----· .... -............................ ................",,,,"3,912 10,728",,,
Seventh District,,,,,,,
"Bermingham,",John R.-Rep..................................... ................... ......................,,,"COUNTY 3,401 12,986","STATE SENATORS, ARAPAHOE",,
"Huffman,",Yalc--Dcm. ... __. ...................................... ....................................,,,"2,567 (Elect Two) 7,983",,,
"Nicholson,",Will F.-Rep._. ..... ...................... _...... ...................................... ..,,,"1,227",Primary,,General
"",,,,Twenty-First District,Election,,Election
Ninth District,,,,"Fowler, Hush C. -",Rep .............................................................. - .............. ....... .,"1,712","14,195"
"Grove, Daniel-Dem,. _ __. ...............................................................................",,,,"3,159 9,631 KeUcr, Alex S.-Dem............................................................................................ .",,"2,065","7,699"
"Williams, Carl M.-Rep. .. -............................................ ....................................",,,,"2,621 11,956 Rogers, Ranger-Rep. ............................ -","....... - ...... __, , , ,.,_,,, .................... ..","1,SS9",
Tenth District,,,,Twenty-Second District,,,
"Shoemaker, Joe-Rep.--",................................................................................,,,"4,685 23,398 Armstrong, Wllliam L-Rep._. ................................ _......................................",,"2,111","19,725"
"Wester, George A.-",Dem.............................................................. ......................,,,"3,649 9,737 Merrlll, Don-Dem. .. _____. .......... -................................................................",,"2,786","10,435"
STATE,"SENATOR, COUNTIES OF BOULDER AND WELD",,,"Hamilton, Pau~ L.-Dem._. ..... .......... ........... .. ... .. .... ......................... ........... ..:....","1,416","3,874"
"",(Elect One),,,,,
"",,,,Tenth District,,
"",HughM.,,Floyd,,,
"",Chance,,Oliver,"Cartwright, James E.-Rep. .......................................................................... -..",841,"3,695"
"",,,,Thirty-Seventh District Election,,Election
"Flett, Charles T.- Dem. ........· -········- ···········································-·················-",,"2,033","8,951",,,
"Singer, M. Keith-Rep. ....· -·--········- ·········-·-·- ·····--··················- ·-···············",,"1,001","10,566","Dittemore, Betty Ann-Rep,_ ........................ - ...... _ ............................... ..... .....",935,"5,516"
"",,,,"Strauss, Henry L.-Dem.......... ...... .................................................... ........... .... ....",929,"4,171"
Twenty-Fifth District,,,,,,
"Fentress, George H.-Rep. .. ....................... _......................................................",,702,"1,099",Thirty-Eighth District,,
"Hanson, Dale J.-Dem._. ............................................................... - ..............",,"1,380","4,947","Bauer, Richard B.-Rep. .... _ ....................... ............................................... ... ..... .",904,
"",,,,"Hores, Dorothy S.- Dem. ....................... ...........- -.......................................... .","1,095","4,185"
Twenty-Sixth District,,,,"Moore, Austin F.-Rep......................... ........................................................ ........","1,237","8,344"
"Sack, Floyd M.-Rcp._.......................................................................................",,711,"6,564",,,
"Stead, Elinor F.-Dem. .. - ........................................................ -.....................",,1;1.73,"5,795",Thirty-Ninth District,,
"",,,,"Cole, Ralph A.- Rep. ................................................ - ............... .. ......................","1,347","10,947"
Twenty-Seventh District,,,,"Rowell, H. Lee--Dem ...... _ ,. .......... _ ....................... -.......................................","1,396","5,103"
"Byerly, John M.-Rep• .. ·-·---·····················-···················-·-······- ·······--······",,918,"9,149",,,
"Sensiba, Wlllard (Wlll)--Dem._.......................................................................",,"1,015","5,361",Fortieth District,,
"",,,,"Fuhr, John D.-Rep.............................................................................................",784,"8,518"
Twenty-Eighth District,,,,"Strait, Donald E.-Dem..................................................... ..................................","1,465","5,456"
"Grimshaw, Thomas T.-Rep._. ......... ........................... - ......................... ~ · ·",,"1,520","15,954",,,
"Smedley, Robert W.-Dem·--······················-·············-·············-·- ·······-·····",,"2,060","8,331",,,
"",(Elect Four),,,"Gebhardt, Richard G.-Dem........................... ............................. ...................... 1,455",,"6,107"
"",Primary,,General,,,
Twenty-Ninth District,Election,,Election,Forty-Second District,,
"Lcmkuil, Linda Lee--Rep...................................................................................",540,,"4,073","Roberts, Janet S.-Dem. ... _.... ............. ......................................................... ...... 1,897",,"6,939"
"",,,,"Schmidt, Eric W.- Rep........................................................................... ............ 1,686",,"9,437"
"Newman, J. Everett-Dem. ............. -··-·······-····---·---····-·--···-···-··","1,342",,"7,027",,,
"Palermo, John R.-Dcm. ............. ......................... --..........................................","1,313",,,Forty-Third District,,
Thirtieth District,,,,"Grant, Charles M.- Dem·--·--··-----····· .............. .. - .. -.............. .................. 1,469",,"8,127"
"Carpenter, James L.-Rep. .... ..........................................-",............. - ............... 401,,"2,919","Howe, George W., Jr.-Rep. ................... - ....... ..................... - ........ - ............ ..",,"8,041"
"Cooper, Eldon W.-Dem. .................. ................","........................... .. .................. . 1,453",,"4,325","Secor, Bill- Rep.................. ........ ..... .. ........... ..... ......... .... .......... ........ .................... 1,413",,
Thirty-First District,,,,,,
"Cran, David P.-Rep.-","................................... ...................... ................ ..... .- ....... 1,313",,10;1.11,,,
"Mullen, Anthony J.-Dem. ..................................... -",".............. ... - ............. ......... 3,284",,"12,041",,,
Thirty-Second District,,,,"STATE REPRESENTATIVES, WELD COUNTY",,
"Campbell, John 0.-Dem. ............ -","... ......... ....... -·-··-· .. ···--............ -.... ..... .. .. 1,280",,4;1.86,(Elect Three),,
"Newman, Edward-Rep..................................................... ..................................",693,,"4,920",Primary,,General
"",,,,Forty-Fourth District Election,,Election
"",,,,"Adcock, Harold W.- Dem........................................................... ........ .. .............. 543",,
"",,,,"Mills, James E. (Jim)-Dem ............................ ... .. ................ ....... - ........ ......... .",,"5,037"
"",,,,"Showalter, Carl E.- Rep. ....... _ .................................................... _ .................. _ 835",,"5,252"
"",,,,Forty-Fifth District,,
"",,,,"Perchllk, Richard A.- Dem.................. ...... ............................ ........... ................ .. 777",,
STATE,"REPRESENTATIVES, PUEBLO COUNTY",,,"Shore, Roy H.-Rep................................. .......................................................... .. 743",,"5,574"
"",(Elect Four),,,"Zadei, Franklin C.- Dem .. _ ............. - ..... ........................... ............. ............ .... 796",,"3,808"
"",Primary,,General,,,
Thirty-Third District,Election,,Election,Forty-Sixth District,,
"Farley, Thomas T.-Dem............................................. .......................... .. ............","2,844",,"7,695","Ibbotson, Gordon M.- Dem ................................................... __ ..................... 810",,"3,387"
"Hoffman, Marshall-Rep............. ........................... ... ..........................................",428,,"3,190","Younglund, Walter A.-Rep. ............................................................. - ........ _ . 663",,"4,535"
Thirty-Fourth District,,,,,,
"Jackson, Robert A. (Bob)-Dem. .................... ................ -..............................","1,456",,"4,519",,,
"Smith, George E.-Rep. .............................. -.......... ... .........................................",380,,"2,602",,,
Thirty-Fifth District,,,,"STATE REPRESENTATIVES, LARIMER COUNTY",,
"Bullen, Joe, Jr.-Rep..................... ...... .......... ... .......... .......... ..... ... ..... ............ ...... ..",659,,"5,874",(Elect Two),,
"Kogovsek, Ray-Dem. ................ ....... -................................................................","1,988",,"6,736",Primary,,General
"",,,,Forty-Seventh District Election,,Election
Thirty-Sixth District,,,,"Strahle, Ronald H.- Rep ............................ _ ................ _ ............. .....- ...... ........ 1,118",,"8,743"
"Brown, Donald-Dem. ......................... _ .......................... _............. ................... .",312,,"2,980",,,
"Bacr, T. John, Jr.-Dem,_.","1,479","5,973",,Primary,General,Primary,General
"Benge, Marietta-Rep·-·-----.. -·----·--.......... ___","1,378","4,522",County,Election,Election,Election,Election
"",,,Costllla.__,"______. ,.,______ 687",,,
"",,,,,"1,061",8S,391
Fiftieth District,,,"I.as Animas. .... ________________ 2,873",,,,
"",,,,,"S,S04",771,"2,128"
".Johnston, R. Walker-Dem. .... --.. - .. ·-·-....· ----........ _____",801,,,,,,
"Magruder, Marion ""Mac""-Rep,_ ________. . ___. ..... _.. ..","1,365","4,916",,"3,560","6,56S",8S6,"2,519"
"",,,"1,224",323,"1,242",,,Primary,General,Primary,General
BenL____ --·---.. ----·-,,490,"1,328",227,"1,399",County,,Election,Election,Election,Election
Prowera·-------·-·----,,595,"3,232",504,"2,369",Morgan ·-·-·---.... --... -,,.......... 613,"2,679",728,"4,739"
"",,"1,410","5,784","1,054","5,010",WashlngtOD-,-..................- ....- --·-~,,870,286,"1,7Sl"
"",,,,,,,,,(Elect One),
llps,,,"234 1,030",,307,,"1,137",,,
wic,,,115 693,,128,,988,,Claude Merritt,Robert (Bob) Schafer
"",,,,,,,,Flfty.Seventh District,-Dem.,-Rep.
"",,,"1,210 5,538",,"1,105",,"5,934",,Prlnfary General,Primary General
"",,,,,,,,County,Election Election,Election Election
"",,,,,,,,Cbeyenoe,ISS S36,200 666
"",,,,,,,,Kiowa..._,96 472,82 731
"",,,,,,,,Kit CIU'IOO,"264 1,229","619 1,866"
"",STATE,"REPRESENTATIVE,","COUNTIES OF ALAMOSA,",,HUERFANO,AND,,IJnco,- 6K2 86S,"724 1,586"
"",,PRECINCTS,IN PUEBLO,,,,,Yum,"436 1,397","457 2,598"
"",,,(Elect One),,,,,,"1,633 4,499","2,082 7,447"
Chaffee..............................................................,336,"2,346","736 737 1,782",Archuleta. ... ............ _ ............ ................... .- ..... _.......................................................,168,
Douglas ............. _.............................................,615,"1,790","316 1,198",Conejos ........- ·-- ---.......... ........ ............................................. ............................... _.,904,"2,371"
"Elbert_ ................. ___________ ,......................",219,"1,058",159 552,La Plata................................................................ ......................................... ............. .,II 0,870
Lake. ....................................- ...........................,225,925,"859 1,684",MineraL.......................................................... .................. .................................... .....,25,182
Park.......... .. .. ..... ................................................,360,627,"3,134 117 378",Rio Grande..................................................................................... _........ ................ .,392,
Teller..................................................................,159,711,388 612,,"1,599","7,293"
County Election,,Election,Fremont............................................................ 871,,"3,494",782,"5,675"
La Plata. ..... - ................................................................... -.......................................,518,"4,703",Saguache. . ........ ................................................... ....!.!..!.,,707,164,864
Montezuma.......................................................................................................... .......,602,"2,976","1,073",,"4,455","1,073","6,991"
"",Primary,General,Primary,General,,,,,,,,
County,Election,Election,Election,Election,Montezuma .......... - .............. -,..............-,-,,69,272,86,321
"",,,,,Montrose............................................. ..............,,,,578,"3,203",933,"3,113"
Eagle..................................................................,375,817,430,"1,307",,,,,,,,
"",,,,,"San Migucl. ... _ .... ,_ ....................................._",,,,E_,312,141,463
Garfield. ......................... -,................ - ... -- 850,"2,304",814,"3,692",,,,,,,,
Pitklo. ......................................................... _,186,542,373,"1,407",,,,,758,"4,061","1,301","4,315"
Rio Blanco...... ..................................................,416,592,545,"1,288",,,,,,,,
"","1,827","4,255","2,162","7,694",,,,,,,,
Clear Creek.......................................................,332,"1,144",263,673,,,,,
Gilpin.................................................................,72,396,112,239,,,,,
Grand.. .. -... .....................................................,563,"1,307",226,390 DISTRICT,"ATTORNEY, DENVER",COUNTY,,,
Jackson ..... _ .................................................. -,148,519,68,183,,,,,
Moffat...............................................................,724,"1,718",370,"1,128",RobertB. (Bob),,,,"James D. ""Mike"""
"",,,,,,,,,McKcvitt-Rep.
Routt. ............................................................. -,345,"1,639",623,"Keating-Oem. 1,342 Second Judicial District",,,,,
county,~r~r~,"~~~~,';~",Custer. ........................................... - - --.. ·--,.. ·----·-·------·--·-,,124,536
Archuleta.. ...... - .. --............................................................ ............... --·-··. . --.......,149,728,FremonL. ................. - .... -.... - --·-----·--····-·-·. . ···-··--···----·- --,,,756,"6,958"
La Plata.. ............ - -,............................ - ................................. ................. - ...- --· 662,"5,856",Park.._ ...... -·-·--·-·--.. --·--·- ..- -·-··--·-·---................... -.....................,,,349,778
San Juan..--....-,"-................. .. ...... - ... --- - - ......... - ....... , ..... ~ ............. - ...... _ SO",306,,,,,
Delta. ......................- --.. ·---.. ·-----,592,,"2,739",610,"3,786","Alamosa_. ..., _. . __. .................... ---··-·. ...........: ..........................................",420,"3,112"
Gunnison.. ......- ·------------,279,,"1,006",243,"1,389",Conejos. .................- --·--·--·· .................... - ................. _ .. _ .................. -..........,686,"2,040"
Hinsdale. ........................... - .. --.--............,21,,76,111,101,Costilla... ...... - ..................................................... -.....................................................,710,"1,110"
Montrose. ..· ---·--·------·------,840,,"2,662",599,"3,786",MineraL. .- --·-- ····---.. ----·- .. --.. --.. --·----··-----··-·- ····-..................,69,206
Ouray___________________________________,40,,342,62,422,"Rio Grande_ _, , .......................... -.-................................................................",335,"2,901"
"San Miguel.. __. . , ___. . _. . _____. ............~",,,382,59,,"Saguache.. . __ _ ___ ,. ..... ......................................................................... -...........",112,"1,070"
"",,,,,,777
Lake.·-- -,------.... --..· ------,,8SS,"1,7ril",212,8SS
SummiL. ..... ------............-,,-.. -·-,214,639,_!!Q.,279
"",,,"1,462","3,692",64S,"1,911"
County DEM. REP.,UNAF.,,DEM. TOTAl. County,,REP.,UNAF.,TOTAL
"Adams----···-·- ··-··········- -··--····- ······--·-- Alamosa._. ................ _______________________ __ _ 23,204 11,814","20,946",,"55,964 Adams....- ··--···----··············------·-- 26,543",,"13,789","25,185","65,517"
"1,908 1,305","1,089",,"4,302 Alamosa.. .......... ·---····--··-··-··-·---··········· 2,097",,"1,472","1,434","5,003"
"",,,,,"20,822","30,757","66,720"
"Arapahoe·-·-·············-················-····-········ ·- 13,562 18,521","24,140",,"56,223 Arapahoe....- ------·-··················--····-······· 15,141",,,,
An:huleta.. .......................... ________.. ....... __ _ 655 369,223,,"1,247 Archuleta. ....- -----··-·-······-·-···-········-· 566",,371,322,"1,259"
"Baca. .................................................- -········-·-- 1,023 1,026",833,,"Baca..----·-··----·············-······-······-········ 2,882 1,088",,"1,088",926,"3,112"
"BenL-........... _ _____________. .................... ___ 1,535",,,"BenL---·-·-··-·-·---··-····-·--·····-········ 1,670",,844,839,"3,353"
746,711,,"2,992",,,,
"",,,"Boulder. ...............· --·--··---·····--····---········· 13,372",,"17,727","24,306","55,405"
"CBhoauflfdeee.r..  ........_ ..._.._.._.._.._.._...._._._._.._._.._._._..._._._.._. _-_-_-__·_···_··_--___-_ 11,349 19,125 1,625 15,594",,,"46,068 Chaffee---··-·-··--··-·····-·······- - ··-··········· 1,857",,"1,109","1,887","4,853"
"4,436 Cheyenne. ....... ______ ___________________ 451 986","1,825",,Cheyenne-----·---·-··- ·············-··············· 470,,696,274,"1,440"
687,229,,"1,367 Clear Creek.-------··---··················-······· 946",,899,647,"2,492"
Clear Creek ................ ·--··-·········---····----- 846 768,620,,"2,234 Conejos. ······--·············· 1,602",,"1,958",354,"3,9i4"
"Conejos ... ·-···-·······-········--··-··-···---····················· 1,405 1,801",293,,"3,499 Costilla........---------···-··········-············· 1,802",,241,236,"2,279"
"Costilla.________________________________________ 1,566 244",276,,"Crowley___________________________ .................. . 2,086 811",,651,394,"1,856"
Crowley--···········-···-··-···--·······-··-···-·······-· .. Custer. . ·--··------- --····-··-···-···---- 328 741 290 614,. 353 91,,"1,708 709 Custer........ Delta. .................... ---·-·-······-······-·····-·-·········· ···-··-·······--··········· 1,821 309",,"370 2,711","111 3,621","790 8,153"
"Delta. ...... ·-·····-··- ········-- -····---··-----·········-· 1,665 2,533","2,922",,"7,120 Denver. .....- -----································ ···--· 119,500",,"72,500","69,000","261,000"
"Denver----·-······- ·····-···························- ·-······· 99,999 61,684","59,642",,"221,325 Dolores·--··---··-·······-················-·----···- 481",,174,240,895
"",,,,,"1,472",981,"3,494"
DDooulogrleass·_ -·_·-_·-_-_'-_-_--_-_-_-._ --···_-·_- :-_·_--_·_-·_-_·-_-_ - 488546  151,169,,804 ~~!~~==-==-=-==:::·.:::::::~_:::::::~.~::::::·.~= ~ :~~,,"1,045",710,"2,833"
"1,228",987,,"3,071",,,,
"Eagle.......... ...... -·-···--·-·-·····-···--····---········· 1,125 754",763,,"2,642 Elbert.. .......- ·-····--·-····················-··-·············· 628",,874,590,"2,092"
"",,,"El Paso... ·-········---·--·-·································-·· 15,903",,"22,224","31,327","69,454"
Elbert.. ........--·-·······-··---·-·--·····-······-········ 601 846,493,,"1,940",,,,
"EI Paso. .. ·--··---····---· 13,660 19,849","25,542",,"59,051 Fremont.. ... ·-······---····-··-·-··············-··-·-······- 3,866",,"3,547","3,722","11,135"
"",,,,,"2,800","2,700","8,013"
"Fremonl.. . -·- ··-·--·-·····--·-····-·---- -:......... 3,647 3,316","3,189",,"2,513 10,152 Garfield. ....................... --·····--···········--·-····-·····",,,,
"Garfield.. .. - ....... _. _ _:________________ _____ ____ 1,603",,,,,,,
"1,884","3,153",,"6,640 Gilpin ................ --·-·-·--·---·--·······-········-····· 390",,312,155,857
"",,,,,"1,014",546,"2,097"
Gllpln. ........................................... - ... ··-···--··-- 363 279,115,,757 Grand... ............· --··--········-··········- ······················· 537,,,,
"",,,"Gunn.lson. .................... -····-··············-··-···········-· 1,335",,"1,101",768,"3,204"
"Grand. ...... ·-·---·····-·---·--···- -·--·-··-········- 475 899,",505,,"1,879 Hinsdale.. ............................................... - ............... 38",,164,12,214
"Gunnison-·-·····--·--·-·-·-···-······-··- - ··· 1,257 945",592,,2.794,,,,
"4,139 Hinsdale. ............................... _......... ....................... 33 154","2, 773 13",,HuerfanO-----················-······-··········----········ 200,,663,703,
"Huerfano ......................... - ...................................... 2,584 618",655,,"Jackson....-·--··················-····--····-··-······-··········· 3,857 230",,365,349,944
"",,,"Jefferson ........ -.................................. .. ................... 23,706",,"28,213","51,919","103,838"
Jackson ............................ - ··-········-·-··-······-··-· 204 328,300,,832 Kiowa....................................................................... 408,,611,453,"1,472"
"Jefferson ................. - ·- ··-··-······--··----····--· 21,319 23,095","44,415",,"88,829",,,,
Kiowa ..................... _____________ 263,,,"Kit Carson............................................................... 1,108",,"1,841",911,"3,860"
570,410,,"1,243",,,,
"",,,,,605,832,"3,578"
"Kit Carson .................· --····--···-·····---··· 2,141 1,007 1,728",842,,"Lake. .................................- -···················-············- 3,577",,,,
"Lake. ...........................- ···-········---··--··--···--· 1,882 518",732,,"3,132 La Plata.. .... ----·-·-····-·-························-··--- 2,900",,"3,055","3,256","9,211"
"",,,"Larimer. ..............................- ············-·- ·············- 6,079",,"11,820","16,424","34,323"
"La Plata.--·········-- ····-···-·····--····-······-· 2,577 2,757","2,418",,"7,752",,,,
"Larimer. _____________________ ................................ _ 4,874 10,253","12,225",,"Las Animas. ................ --······- 27,352 Lincoln.._.................... .......................................... ····························- 6,685 1,132",,"1,622 1,134","1,054 544","9,361 2,810"
"Las Animas·- ····---·····-···············-················- ··- 6,363 1,546","1,005",,"8,914",,,,
Lincoln...._______________________________ ______________ __ ___ _____ 864 944,853,,"2,661 Logan. ..• ·--··--·-··-···········-···································· 2,429",,"2,779","3,406","8,614"
"",,,"Mesa. ..................·-·······-······················-················· 8,685",,"8,628","8,420","25,733"
"Logan. ... ·-·--···-·····---····-··-··········-········-- ····· 2,127 2,549","2,992",,"7,668 Mineral. ........................... _...................................... 223",,65,101,389
"Mesa. ....- ................................................................. 7,666 7,804","7,577",,"23,047",,,,
"MineraL................................................................... 5,404 Moffat................ ...................................................... 1,007 208 1,109 64","63 2,377 1,049",,"Moffat...·-····-··-······--····--························-·-·· 335 3,165 Montezuma ....... ·----·-·········-········-·············· 1,099",,"1,310 1,520","1,073 1,507","3,482"
"Montezuma............................................................. 2,217 1,364","1,255",,"Montrose. ........ ----··-·····-·············----·············· 4,836 2,763",,"2,679 2,976","2,930 3,966","8,372 8,822"
"Montrose.................................................................. 2,657 1,880 2,277","2,657",,"Morgan. ...........· --··--·················---····-·-· 7,591",,,,
"",,,"Otero-··--··-··-·--·················---- 4,151",,"3,616","3,849","11,616"
"Morgan. ............................... -······--···-··-·-·········· 1,825 2,818","3,106",,"7,749 Ouray__ 320",,324,371,"1,015"
"Otero........................................................................ 3,612 3,293","2,977",,"9,882",,480,397,"1,302"
Ouray. ....- ................................................................ 290 303,425 308,,Par 901 ·--··················--·-······,,"1,038",822,"2,532"
Park.. .......................................................... -··-······ 309 672 387,510,,"Phillips------··----·-··-········- 1,206 ·",,,,
Phillips. ........................... _ ____________________________ 611,,,Pitkin ··-·--····------···------·--· 697,,912,"1,025","2,634"
964,676,,"2,251 Prowera ___________________. ..................... _ 2,050",,"1,683","2,977","6,710"
Pitkin... ..................... -·-·---··-········--··-······-···· 609 595,879,,"2,083 PuebiD._ ____________________________ .................. _ 27,967",,"9,373","18,565","55,905"
"Prowers. ..· ---····- ····-····--··-·-·-······-··--········· 1,897 1,607","2,416",,"5,920",,,,
"",,,Rio Blanco .... ·-·----·············-·····--··-- 970,,"1,056",454,"2,480"
"Pueblo. ..... -······-···-·--··--·-----··------ 25,329 8,799","15,712",,"49,840",,,,
"",,,"Rio Grande.... .... ---·---·······························-- 1,659",,"1,894","1,483","5,036"
"Rio Blanco ............ ---------·--·---· 931 1,001",282,,"2,214",,,,
"",,,"Routt.-.................-----····················-··-··-····· 1,670",,"1,151",784,"3,605"
"Rio Grande·--··-···-·--··--·-·-·-··-··-··-······· 1,440 1,741","1,235",,"4,416",,,,
"",,,Saguache·--······-·····-····--···-········-···-···--·-···· 609,,785,620,"2,014"
"Routt. .... ·-·-·-··-········--·- ·-·-·························· 1,565 1,076",683,,"3,324",,163,151,468
Saguache.................................................................. 562 841,514,,"San Juan. .... ·-·-······-····-·-···---··--·--·-·-·- 1,917 154",,,,
"",,,San Miguel- -----------·-··- 547,,289,192,"1,028"
San Juan. ... ·- - ·--··- - ·······-··---··-··- ··-··········-··· 139 127,165,,431,,,,
San Miguel.. ..... ................. _ _ ______ _____ ................ _ 264 437,203,,Sedgwick....- 904 ----····-··-·····--····-······ 518,,812 380,675 351,"2,005 1,186"
Sedgwick.. ............. ........................................ -·-- 485 775,591,,Summit.. ...- 1.851 -- --·········-··-··-··-····-··· 455,,426,442,"1,765"
Summit.. ................. - ............................................. 362 342,394,,"Teller.·-·---------·······- ··········-··--·- 1,098 897",,,,
Teller......................................................................... 806 318,372,,"Washlngto 1,496 Weld_______ ·-··-··-········--- --·---- 8,736 894",,"1,489 10,598","829 16,171","3,212 35,505"
"Washington ....... --········-····--···- ·····-················· 839 1,414",673,,"2,926 YUill&.-.... 1,493",,"1,863","1,415","4,771"
"Weld ................................. - ········-·-·········-·-·-- 8,165 9,882","13,560",,"31,607",,,,
"Yuma. ........................................ - ............................ ~ 1,743","280,193 1,190",,"TOO'AL RBGIS'l'ERED 4,364 VOTERS---------338,907",,,"351,475","970,575"
"TOTAL ........................................................... .295,256 245,274","294,733",,"835,263 TOTAL VOTES CAST.·--·-·-",,,"·-·-·-··-----811,199",
